Datetime,Water Level (m)
2026-04-12 18:00:00,0.16045567
2026-04-12 19:00:00,-0.046812605
2026-04-12 20:00:00,-0.22588551
2026-04-12 21:00:00,-0.38733083
2026-04-12 22:00:00,-0.5123965
2026-04-12 23:00:00,-0.5672203
2026-04-13 00:00:00,-0.4082984
2026-04-13 01:00:00,-0.10410692
2026-04-13 02:00:00,0.14420287
2026-04-13 03:00:00,0.31949708
2026-04-13 04:00:00,0.39114577
2026-04-13 05:00:00,0.3110591
2026-04-13 06:00:00,0.10114737
2026-04-13 07:00:00,-0.108855255
2026-04-13 08:00:00,-0.296736
2026-04-13 09:00:00,-0.45684522
2026-04-13 10:00:00,-0.5778209
2026-04-13 11:00:00,-0.60153437
2026-04-13 12:00:00,-0.3428001
2026-04-13 13:00:00,-0.025363022
2026-04-13 14:00:00,0.2736519
2026-04-13 15:00:00,0.5096824
2026-04-13 16:00:00,0.6286173
2026-04-13 17:00:00,0.59029853
2026-04-13 18:00:00,0.35949618
2026-04-13 19:00:00,0.11007659
2026-04-13 20:00:00,-0.11263772
2026-04-13 21:00:00,-0.30400693
2026-04-13 22:00:00,-0.48407906
2026-04-13 23:00:00,-0.623839
2026-04-14 00:00:00,-0.65879333
2026-04-14 01:00:00,-0.32281014
2026-04-14 02:00:00,0.033333655
2026-04-14 03:00:00,0.32216465
2026-04-14 04:00:00,0.51690626
2026-04-14 05:00:00,0.5732643
2026-04-14 06:00:00,0.41627657
2026-04-14 07:00:00,0.15702327
2026-04-14 08:00:00,-0.07641521
2026-04-14 09:00:00,-0.27931044
2026-04-14 10:00:00,-0.45557016
2026-04-14 11:00:00,-0.59820145
2026-04-14 12:00:00,-0.65387005
2026-04-14 13:00:00,-0.32549533
2026-04-14 14:00:00,0.08037513
2026-04-14 15:00:00,0.4361794
2026-04-14 16:00:00,0.7028923
2026-04-14 17:00:00,0.80723125
2026-04-14 18:00:00,0.673212
2026-04-14 19:00:00,0.36603752
2026-04-14 20:00:00,0.10150406
2026-04-14 21:00:00,-0.13012384
2026-04-14 22:00:00,-0.33883324
2026-04-14 23:00:00,-0.5231537
2026-04-15 00:00:00,-0.66014874
2026-04-15 01:00:00,-0.64199656
2026-04-15 02:00:00,-0.17519736
2026-04-15 03:00:00,0.22946547
2026-04-15 04:00:00,0.556487
2026-04-15 05:00:00,0.76629156
2026-04-15 06:00:00,0.7727258
2026-04-15 07:00:00,0.51790303
2026-04-15 08:00:00,0.22836703
2026-04-15 09:00:00,-0.013432655
2026-04-15 10:00:00,-0.22343579
2026-04-15 11:00:00,-0.41661757
2026-04-15 12:00:00,-0.5677142
2026-04-15 13:00:00,-0.61307687
2026-04-15 14:00:00,-0.17737463
2026-04-15 15:00:00,0.28347045
2026-04-15 16:00:00,0.65955347
2026-04-15 17:00:00,0.9211235
2026-04-15 18:00:00,0.9740639
2026-04-15 19:00:00,0.72108126
2026-04-15 20:00:00,0.3863637
2026-04-15 21:00:00,0.11595527
2026-04-15 22:00:00,-0.12427419
2026-04-15 23:00:00,-0.34424794
2026-04-16 00:00:00,-0.5323991
2026-04-16 01:00:00,-0.66515326
2026-04-16 02:00:00,-0.50637984
2026-04-16 03:00:00,0.02051863
2026-04-16 04:00:00,0.46306154
2026-04-16 05:00:00,0.8071265
2026-04-16 06:00:00,0.9825922
2026-04-16 07:00:00,0.88206834
2026-04-16 08:00:00,0.53676933
2026-04-16 09:00:00,0.2406443
2026-04-16 10:00:00,-0.0063628587
2026-04-16 11:00:00,-0.22549802
2026-04-16 12:00:00,-0.43143767
2026-04-16 13:00:00,-0.59058976
2026-04-16 14:00:00,-0.5727624
2026-04-16 15:00:00,-0.038184587
2026-04-16 16:00:00,0.43069458
2026-04-16 17:00:00,0.7867815
2026-04-16 18:00:00,0.97567856
2026-04-16 19:00:00,0.8872227
2026-04-16 20:00:00,0.5445716
2026-04-16 21:00:00,0.24312985
2026-04-16 22:00:00,-0.012182266
2026-04-16 23:00:00,-0.2397996
2026-04-17 00:00:00,-0.45311502
2026-04-17 01:00:00,-0.62881804
2026-04-17 02:00:00,-0.73716915
2026-04-17 03:00:00,-0.33899438
2026-04-17 04:00:00,0.19531678
2026-04-17 05:00:00,0.6457377
2026-04-17 06:00:00,0.971836
2026-04-17 07:00:00,1.0639094
2026-04-17 08:00:00,0.82029456
2026-04-17 09:00:00,0.46166882
2026-04-17 10:00:00,0.18833849
2026-04-17 11:00:00,-0.06321719
2026-04-17 12:00:00,-0.28769752
2026-04-17 13:00:00,-0.48229483
2026-04-17 14:00:00,-0.62841344
2026-04-17 15:00:00,-0.43685305
2026-04-17 16:00:00,0.11716448
2026-04-17 17:00:00,0.5598968
2026-04-17 18:00:00,0.90419
2026-04-17 19:00:00,1.0190244
2026-04-17 20:00:00,0.8009607
2026-04-17 21:00:00,0.4380017
2026-04-17 22:00:00,0.15739809
2026-04-17 23:00:00,-0.08907357
2026-04-18 00:00:00,-0.31299365
2026-04-18 01:00:00,-0.5187547
2026-04-18 02:00:00,-0.67892
2026-04-18 03:00:00,-0.6966655
2026-04-18 04:00:00,-0.119087346
2026-04-18 05:00:00,0.39740437
2026-04-18 06:00:00,0.84276736
2026-04-18 07:00:00,1.1220347
2026-04-18 08:00:00,1.1113487
2026-04-18 09:00:00,0.7663104
2026-04-18 10:00:00,0.420651
2026-04-18 11:00:00,0.1504233
2026-04-18 12:00:00,-0.09034711
2026-04-18 13:00:00,-0.30752432
2026-04-18 14:00:00,-0.50129
2026-04-18 15:00:00,-0.61226404
2026-04-18 16:00:00,-0.19205655
2026-04-18 17:00:00,0.3196217
2026-04-18 18:00:00,0.743484
